2025-01-24 11:27:27.026202,贾玲 你的强回来了
2025-01-24 11:27:27.026202,293元8个菜预制年夜饭热销
2025-01-24 11:27:27.026202,2025网络视听盛典
2025-01-24 11:27:27.026202,极狐入阵 助战封神
2025-01-24 11:27:27.026202,河南局地暴雪10到18毫米
2025-01-24 11:27:27.026202,上海首例野蛮私挖地下室入刑
2025-01-24 11:27:27.026202,柯洁微博评论区被3个字刷屏
2025-01-24 11:27:27.026202,这些车厘子谣言别信
2025-01-24 11:27:27.026202,金秀贤回复cp粉
2025-01-24 11:27:27.026202,余烬之上定档
2025-01-24 11:27:27.026202,肯尼迪遇刺案机密文件将公布
2025-01-24 11:27:27.026202,无论多远春节记得回家看看
2025-01-24 11:27:27.026202,中国女游客在日本铁轨上拍照被撞
2025-01-24 11:27:27.026202,你的强回来了
2025-01-24 11:27:27.026202,三大平台古装剧将要对打
2025-01-24 11:27:27.026202,权志龙绿发
2025-01-24 11:27:27.026202,00后小伙高铁相亲成功女方大13岁
2025-01-24 11:27:27.026202,柯洁说这辈子没受过这种委屈
2025-01-24 11:27:27.026202,遭举报出轨人妻的肖峰被双开
2025-01-24 11:27:27.026202,沙特计划投资美国6000亿美元
2025-01-24 11:27:27.026202,德约科维奇vs兹维列夫
2025-01-24 11:27:27.026202,王鹤棣表示自己更像许七安
2025-01-24 11:27:27.026202,误以为是动物儿子开枪击中除草母亲
2025-01-24 11:27:27.026202,韩国网友竟称柯洁无知又没礼貌
2025-01-24 11:27:27.026202,陈震 OPPO
2025-01-24 11:27:27.026202,花8000元送去宠物学校的狗挨了打
2025-01-24 11:27:27.026202,谷爱凌等奥运冠军出征亚冬会
2025-01-24 11:27:27.026202,青簪行
2025-01-24 11:27:27.026202,樊振东的奥运金牌含金量还在上升
2025-01-24 11:27:27.026202,裸辞一年后不上班的现状
2025-01-24 11:27:27.026202,女子高校工作16年发现未缴养老险
2025-01-24 11:27:27.026202,剑来 烂尾
2025-01-24 11:27:27.026202,连笑曝柯洁应该不会参加闭幕式
2025-01-24 11:27:27.026202,花间令上星
2025-01-24 11:27:27.026202,女生吃一个月冷藏米饭血糖降了
2025-01-24 11:27:27.026202,柯洁微博备注改为世界围棋九冠王
2025-01-24 11:27:27.026202,徐克你根本没有喝中药
2025-01-24 11:27:27.026202,110秒重走一遍李子柒非遗来时路
2025-01-24 11:27:27.026202,轩染
2025-01-24 11:27:27.026202,寒潮黄色预警暴雪黄色预警都来了
2025-01-24 11:27:27.026202,中国队不出席LG杯颁奖仪式
2025-01-24 11:27:27.026202,谢霆锋香港抢票
2025-01-24 11:27:27.026202,马丽新年真是越开越有了
2025-01-24 11:27:27.026202,曾一鸣自述低潮时吃妻子软饭
2025-01-24 11:27:27.026202,西安下雪
2025-01-24 11:27:27.026202,虞书欣古典红裙
2025-01-24 11:27:27.026202,陈哲远阿瓒在白色橄榄树下等你
2025-01-24 11:27:27.026202,这3种年货可能费钱又伤身
2025-01-24 11:27:27.026202,三球无缘全明星首发
2025-01-24 11:27:27.026202,张艺兴不语只一味翻牌
2025-01-24 11:27:27.026202,央视提前官宣谭维维参加春晚
2025-01-24 11:27:27.026202,烽火戏诸侯
2025-01-24 22:55:27.737486,国色芳华被子
2025-01-24 22:55:27.737486,河南暴雪三预警齐发
2025-01-24 22:55:27.737486,2025网络视听盛典
2025-01-24 22:55:27.737486,蒙牛X贾玲2025新春贺岁片
2025-01-24 22:55:27.737486,砂糖橘
2025-01-24 22:55:27.737486,虞书欣腾讯视频海报C位
2025-01-24 22:55:27.737486,卞相壹称死子放错规则无存在必要
2025-01-24 22:55:27.737486,2024年警方查处造谣传谣4.7万余人
2025-01-24 22:55:27.737486,仙台有树
2025-01-24 22:55:27.737486,柯洁父亲发声
2025-01-24 22:55:27.737486,时代少年团和国宝大熊猫同台了
2025-01-24 22:55:27.737486,特朗普说泽连斯基不应和俄罗斯对抗
2025-01-24 22:55:27.737486,5岁男孩被亲舅舅拐卖离家36年
2025-01-24 22:55:27.737486,一条小团团自称刑满释放
2025-01-24 22:55:27.737486,李宇春在张国荣离开的第22年想念你
2025-01-24 22:55:27.737486,DIOR男装秀
2025-01-24 22:55:27.737486,用人民币感受韩国工资水平
2025-01-24 22:55:27.737486,特朗普签行政令解密肯尼迪遇刺
2025-01-24 22:55:27.737486,卞相壹称柯洁被罚自己专注力被破坏
2025-01-24 22:55:27.737486,刘亦菲檀健次龚俊金靖一起唱K
2025-01-24 22:55:27.737486,田嘉瑞直播
2025-01-24 22:55:27.737486,旅美大熊猫宝力青宝正式亮相
2025-01-24 22:55:27.737486,男子喝酒过量致呕出全身近一半血
2025-01-24 22:55:27.737486,王俊凯黑色新中式
2025-01-24 22:55:27.737486,最强大脑窒息198分钟
2025-01-24 22:55:27.737486,王腾送樊振东999金满贯
2025-01-24 22:55:27.737486,原来羽绒服里要穿得薄才暖和
2025-01-24 22:55:27.737486,疑似散装江苏最团结的一次
2025-01-24 22:55:27.737486,王嘉尔给微博提建议
2025-01-24 22:55:27.737486,虞书欣 狭路
2025-01-24 22:55:27.737486,起底黑竞赛产业链
2025-01-24 22:55:27.737486,重庆溪流现大量泡沫居民发声
2025-01-24 22:55:27.737486,肖战直播猜字谜
2025-01-24 22:55:27.737486,辛纳第三次大满贯决赛
2025-01-24 22:55:27.737486,王一博网络视听盛典现场舞台
2025-01-24 22:55:27.737486,王腾称签樊振东是蓄谋已久
2025-01-24 22:55:27.737486,AL晋级淘汰赛
2025-01-24 22:55:27.737486,蛇是怎么成为十二生肖的
2025-01-24 22:55:27.737486,王俊凯周杰伦秀场同框
2025-01-24 22:55:27.737486,醉汉刷开夫妻房门妻子现应激反应
2025-01-24 22:55:27.737486,张康乐商务
2025-01-24 22:55:27.737486,赵露思周六将出席公开活动
2025-01-24 22:55:27.737486,妈妈在哪家就在哪
2025-01-24 22:55:27.737486,付航怎么越来越帅了
2025-01-24 22:55:27.737486,滔搏人员变动公告
2025-01-24 22:55:27.737486,杨幂自驾新疆找迪丽热巴当翻译
2025-01-24 22:55:27.737486,韩国赢了 围棋输了
2025-01-24 22:55:27.737486,野生大熊猫公路上边跑边扭屁股
2025-01-24 22:55:27.737486,电影射雕英雄传公布特辑镜头
2025-01-24 22:55:27.737486,王嘉尔连线
2025-01-24 22:55:27.737486,gumayusi T1
2025-01-24 22:55:27.737486,十个勤天开场
2025-01-25 10:49:55.362058,何老师都接不住的烂梗出现了
2025-01-25 10:49:55.362058,15岁女孩到云南边境见男网友
2025-01-25 10:49:55.362058,2025网络视听盛典
2025-01-25 10:49:55.362058,青花汾酒让年味更浓
2025-01-25 10:49:55.362058,俩月男婴被偷认亲时父亲已去世2年
2025-01-25 10:49:55.362058,拍黄瓜的厨师跳槽后被索赔10万
2025-01-25 10:49:55.362058,美国加州旧火未灭新火又来
2025-01-25 10:49:55.362058,为胜利时刻干杯
2025-01-25 10:49:55.362058,禹宙中欣
2025-01-25 10:49:55.362058,杨子说再见爱人其他嘉宾都在做人设
2025-01-25 10:49:55.362058,宜修你早说你儿是肖战啊
2025-01-25 10:49:55.362058,韩国网友呼吁裁判承认卞相壹犯规
2025-01-25 10:49:55.362058,濒危尸体花盛开数千人排队参观
2025-01-25 10:49:55.362058,女孩偷拿妈妈百万珠宝卖了60元
2025-01-25 10:49:55.362058,霸王茶姬发文致歉
2025-01-25 10:49:55.362058,韩国破获继N号房后最大规模网络性剥削案
2025-01-25 10:49:55.362058,葛夕妈妈说没多喜欢留几手
2025-01-25 10:49:55.362058,嘘国王在冬眠
2025-01-25 10:49:55.362058,王俊凯叫了姐姐
2025-01-25 10:49:55.362058,中央气象台连发4个预警
2025-01-25 10:49:55.362058,男子卖牛路上牛突然给主人下跪
2025-01-25 10:49:55.362058,虞书欣丁禹兮cp感要溢出屏幕了
2025-01-25 10:49:55.362058,地铁上导盲犬乖乖捂住自己的嘴
2025-01-25 10:49:55.362058,倪萍说大家别轻易放弃婚姻
2025-01-25 10:49:55.362058,G社王俊凯生图
2025-01-25 10:49:55.362058,博主涉嫌恶意抹黑小米汽车被抓
2025-01-25 10:49:55.362058,Gumayusi回应成为替补
2025-01-25 10:49:55.362058,最强大脑窒息198分钟
2025-01-25 10:49:55.362058,何惟芳蒋长扬神级心动镜头
2025-01-25 10:49:55.362058,近800万人申请国补买手机数码
2025-01-25 10:49:55.362058,2个月男婴晒太阳被偷35年后回家
2025-01-25 10:49:55.362058,打赌喝马桶水给1万后反悔起诉
2025-01-25 10:49:55.362058,春节上门喂猫收入1.5w
2025-01-25 10:49:55.362058,卞相壹称柯洁被罚自己专注力被破坏
2025-01-25 10:49:55.362058,美国防部宣布暂停官媒活动
2025-01-25 10:49:55.362058,福建舰送福啦
2025-01-25 10:49:55.362058,你好星期六这期有杨紫李现
2025-01-25 10:49:55.362058,虞书欣 小红鱼
2025-01-25 10:49:55.362058,多地禁改限明确春节可燃放烟花爆竹
2025-01-25 10:49:55.362058,男子喝酒过量致呕出全身近一半血
2025-01-25 10:49:55.362058,程潇送你蛇年新春祝福
2025-01-25 10:49:55.362058,别被爸妈的什么都不缺骗了
2025-01-25 10:49:55.362058,蛇年快把设计师逼没辙了
2025-01-25 10:49:55.362058,你踏上春运回家路了吗
2025-01-25 10:49:55.362058,永夜星河
2025-01-25 10:49:55.362058,俞定延泡泡
2025-01-25 10:49:55.362058,王毅同美国国务卿鲁比奥通话
2025-01-25 10:49:55.362058,白鹿衣服上的毛粘敖瑞鹏衣服上了
2025-01-25 10:49:55.362058,游本昌说走得慢不代表没出息
2025-01-25 10:49:55.362058,橘朵新品海报被指擦边
2025-01-25 10:49:55.362058,甲辰龙年最后一个周末
2025-01-25 10:49:55.362058,黄景瑜送来蛇年新春祝福
2025-01-26 11:52:40.250304,南京一柜姐评论刘亦菲微胖被辞退
2025-01-26 11:52:40.250304,女子买短乘长高铁霸座被拘
2025-01-26 11:52:40.250304,2025春节假期安全提示
2025-01-26 11:52:40.250304,王冰冰首部古装剧定档
2025-01-26 11:52:40.250304,夫妻各回各家过年做父母的孩子
2025-01-26 11:52:40.250304,为什么连续五年没有大年三十
2025-01-26 11:52:40.250304,逛吃北京240小时
2025-01-26 11:52:40.250304,付航直播被卡出素颜
2025-01-26 11:52:40.250304,哪吒2第二支预告
2025-01-26 11:52:40.250304,举报雷军开车直播的网友回应
2025-01-26 11:52:40.250304,北京的雪
2025-01-26 11:52:40.250304,曝张大大杨幂已绝交
2025-01-26 11:52:40.250304,井胧曾因父母职业自卑
2025-01-26 11:52:40.250304,赵露思坦言有过瘫痪失语症状
2025-01-26 11:52:40.250304,张馨予晒何捷为她拍的雪地大片
2025-01-26 11:52:40.250304,刘耀文颈部印记为痘印
2025-01-26 11:52:40.250304,00后女医生捐骨髓为患儿送去春天
2025-01-26 11:52:40.250304,宝马已在还贷车主无法提车
2025-01-26 11:52:40.250304,印有加拿大不出售的帽子热销
2025-01-26 11:52:40.250304,张雨绮黄曦彦新片大打出手
2025-01-26 11:52:40.250304,2025KPL春季赛大名单
2025-01-26 11:52:40.250304,张大大被曝指使社会人士砸门恐吓
2025-01-26 11:52:40.250304,孟子义三线谜回拍摄前往柬埔寨
2025-01-26 11:52:40.250304,两男子猥亵5名足浴店女技师被行拘
2025-01-26 11:52:40.250304,赵露思回应胖了8斤
2025-01-26 11:52:40.250304,儿媳偷送金耳环婆婆笑着笑着就哭了
2025-01-26 11:52:40.250304,王昶 春晚
2025-01-26 11:52:40.250304,丁禹兮爆梗是不想场子冷下来
2025-01-26 11:52:40.250304,冷冷冷我冷冷冷
2025-01-26 11:52:40.250304,为何北京城区降雪偏弱
2025-01-26 11:52:40.250304,年度安全感时刻
2025-01-26 11:52:40.250304,春运回家有人带了一锅饭上高速
2025-01-26 11:52:40.250304,用最浪漫海边烟花开启2025
2025-01-26 11:52:40.250304,黄毛毛回应无忧传媒
2025-01-26 11:52:40.250304,北京城区平均降雪0毫米
2025-01-26 11:52:40.250304,一句我是警察安全感满满
2025-01-26 11:52:40.250304,徐莹称卞相壹形象遭毁灭性打击
2025-01-26 11:52:40.250304,刘晓庆说贺峻霖牛在在不吃苦不成才
2025-01-26 11:52:40.250304,一支视频感受满满的中国年味
2025-01-26 11:52:40.250304,腊月二十七宜洗刷刷
2025-01-26 11:52:40.250304,台湾一黑帮头目被枪杀
2025-01-26 11:52:40.250304,无忧传媒坚决反对一切职场霸凌
2025-01-26 11:52:40.250304,徐克评价肖战还有很多可能性
2025-01-26 11:52:40.250304,福卡
2025-01-26 11:52:40.250304,G社生图战神
2025-01-26 11:52:40.250304,杨天真40岁生日办告别式
2025-01-26 11:52:40.250304,00后夫妻各回各家过年当事人发声
2025-01-26 11:52:40.250304,期待大奉打更人第二季
2025-01-26 11:52:40.250304,后天就除夕了
2025-01-26 11:52:40.250304,朝鲜试射战略巡航导弹
2025-01-26 11:52:40.250304,故宫也下雪了
2025-01-26 21:20:47.869167,张某某将可能涉嫌多项罪名
2025-01-26 21:20:47.869167,毛利兰从青梅竹马变女朋友
2025-01-26 21:20:47.869167,拜年有哪些大讲究
2025-01-26 21:20:47.869167,费翔说今年是第一年家里没人了
2025-01-26 21:20:47.869167,樊振东获得2025世乒赛决赛参赛资格
2025-01-26 21:20:47.869167,柯洁直播哭了
2025-01-26 21:20:47.869167,曾黎帮赵露思暖手
2025-01-26 21:20:47.869167,李现晒国色芳华大婚胶片记忆
2025-01-26 21:20:47.869167,柯洁回应决赛事件
2025-01-26 21:20:47.869167,北京警方刑拘8人
2025-01-26 21:20:47.869167,全糖可乐
2025-01-26 21:20:47.869167,张大大助理发离职证明
2025-01-26 21:20:47.869167,张泉灵大赞赵丽颖
2025-01-26 21:20:47.869167,花2000元做了蛇年招财美甲
2025-01-26 21:20:47.869167,文脉华章
2025-01-26 21:20:47.869167,TF四代军训去了
2025-01-26 21:20:47.869167,谢娜曾批张大大迷之自信
2025-01-26 21:20:47.869167,文淇 论文给我去死
2025-01-26 21:20:47.869167,成龙Sana李马克同框
2025-01-26 21:20:47.869167,视障女孩被接力护送说了183个谢谢
2025-01-26 21:20:47.869167,白鹿驼色大衣
2025-01-26 21:20:47.869167,王源国风舞台演绎中式浪漫
2025-01-26 21:20:47.869167,杨丽萍蛇舞
2025-01-26 21:20:47.869167,周深新歌麦田里的摇滚绝美高音
2025-01-26 21:20:47.869167,樊振东等自动入围多哈世乒赛
2025-01-26 21:20:47.869167,射雕英雄传预售票房突破2.5亿
2025-01-26 21:20:47.869167,你好星期六拍立得
2025-01-26 21:20:47.869167,王鹤棣田曦薇 我心尔尔
2025-01-26 21:20:47.869167,女主演说短剧让普通演员更容易被看到
2025-01-26 21:20:47.869167,刘晓庆说我是拍立淘女孩
2025-01-26 21:20:47.869167,抖音bug
2025-01-26 21:20:47.869167,高度近视最有效的化妆方法
2025-01-26 21:20:47.869167,工作人员称说刘亦菲微胖柜姐无恶意
2025-01-26 21:20:47.869167,王嘉尔正在住院接受治疗
2025-01-26 21:20:47.869167,为爱跳槽发现0人关心
2025-01-26 21:20:47.869167,无忧传媒称推动双方达成和解补偿
2025-01-26 21:20:47.869167,陕西蓝田县遭暴雪村庄被积雪封门
2025-01-26 21:20:47.869167,知情人称失联8岁女童并非离家出走
2025-01-26 21:20:47.869167,过年没有年味的真正原因
2025-01-26 21:20:47.869167,魔芋爽拌黄瓜
2025-01-26 21:20:47.869167,丁禹兮给剧组工作人员发红包
2025-01-26 21:20:47.869167,胡杏儿三个儿子近照
2025-01-26 21:20:47.869167,陈丽君戏歌一梦浮生
2025-01-26 21:20:47.869167,美国女子遭酱料烫伤获赔280万美元
2025-01-26 21:20:47.869167,亲生父亲为赌博一万元卖掉儿子
2025-01-26 21:20:47.869167,马龙的这份提醒很有意义
2025-01-26 21:20:47.869167,肖战说侠要有为国为民的心
2025-01-26 21:20:47.869167,电竞选手幻云已找到
2025-01-26 21:20:47.869167,女子生完孩子却得知准丈夫已婚
2025-01-26 21:20:47.869167,成龙澳网再现招牌动作
2025-01-27 09:23:22.319227,陈小春突然想起自己签了保密协议
2025-01-27 09:23:22.319227,韩公布济州航空空难初步调查报告
2025-01-27 09:23:22.319227,五十六个民族各有各的特色年味儿
2025-01-27 09:23:22.319227,上淘宝领春晚云参演证
2025-01-27 09:23:22.319227,2025年总台春晚完成全部五次彩排
2025-01-27 09:23:22.319227,新娘坐高铁去结婚收获全车祝福
2025-01-27 09:23:22.319227,合肥地震
2025-01-27 09:23:22.319227,霸王茶姬水灵灵登上河南春晚了
2025-01-27 09:23:22.319227,王嘉尔正在住院接受治疗
2025-01-27 09:23:22.319227,明天除夕
2025-01-27 09:23:22.319227,这届年轻人手机贴都要黄金的
2025-01-27 09:23:22.319227,周深祝你新年总有美好在路上
2025-01-27 09:23:22.319227,战鹰发文向柯洁道歉
2025-01-27 09:23:22.319227,赵露思比耶无法控制小拇指
2025-01-27 09:23:22.319227,业内预测票房冠军是哪吒或唐探
2025-01-27 09:23:22.319227,年前最后一个工作日了
2025-01-27 09:23:22.319227,柜姐评论刘亦菲微胖店铺正常运营
2025-01-27 09:23:22.319227,张杰演唱会0排0号的视角
2025-01-27 09:23:22.319227,马斯克提议英吉利海峡更名
2025-01-27 09:23:22.319227,赵露思康复过程好多奶奶的身影
2025-01-27 09:23:22.319227,韩国铆足劲吸引中国游客
2025-01-27 09:23:22.319227,自驾4000公里回家主人和狗都麻了
2025-01-27 09:23:22.319227,因张大大有流量老板经常给他换人
2025-01-27 09:23:22.319227,颜十六已到案回国
2025-01-27 09:23:22.319227,张某某将可能涉嫌多项罪名
2025-01-27 09:23:22.319227,演员大锁发文称别洗白了
2025-01-27 09:23:22.319227,每晚必拔WiFi没苦硬吃是我爸妈没错了
2025-01-27 09:23:22.319227,黄毛毛问张大大睡了吗
2025-01-27 09:23:22.319227,老太吃一个月甘草片止咳致全身瘫软
2025-01-27 09:23:22.319227,无忧传媒
2025-01-27 09:23:22.319227,王冰冰演短剧了
2025-01-27 09:23:22.319227,春节期间寒潮还将持续多久
2025-01-27 09:23:22.319227,2025巨蟹座会发生3件好事
2025-01-27 09:23:22.319227,春节年轻人爱买超小克重黄金
2025-01-27 09:23:22.319227,柬埔寨珍娜公主用中文拜年
2025-01-27 09:23:22.319227,北京一车失控坠河民警跳河营救
2025-01-27 09:23:22.319227,肖战版射雕领跑春节档预售
2025-01-27 09:23:22.319227,花花的睡眠开关突然被摁开
2025-01-27 09:23:22.319227,2025新春
2025-01-27 09:23:22.319227,费翔说今年是第一年家里没人了
2025-01-27 09:23:22.319227,因暴雪新娘乘高铁前往婚礼现场
2025-01-27 09:23:22.319227,DeepSeek团队不到140人
2025-01-27 09:23:22.319227,肥东3.0级地震
2025-01-27 09:23:22.319227,蔡明这段就该留到春晚看
2025-01-27 09:23:22.319227,无忧传媒称黄某视频陈述有夸张误导
2025-01-27 09:23:22.319227,冯骥谈DeepSeek
2025-01-27 09:23:22.319227,前SNH48成员吕相宜开赌场被抓
2025-01-27 09:23:22.319227,柯洁直播哭了
2025-01-27 09:23:22.319227,金智秀回归日程表公开
2025-01-27 09:23:22.319227,韩国裁判说解释权归他所有
2025-01-27 09:23:22.319227,韩国空难飞机发动机吸入花脸鸭
2025-01-27 09:23:22.319227,央视春晚重庆分会场收视提示
2025-01-28,陈哲远 红包
2025-01-28,韩国棋院就LG杯事件发公告致歉
2025-01-28,海拔最高春晚分会场
2025-01-28,全国洗头日
2025-01-28,集五福
2025-01-28,除夕到初三加班不能用事后调休替代
2025-01-28,楼晚
2025-01-28,蛇年怕蛇怎么办
2025-01-28,穆婷婷说不喜欢周迅了
2025-01-28,电子榨菜里藏着好多新年祝福
2025-01-28,丈母娘上厕所被女婿忘在高速上
2025-01-28,王一博祝大家自在且松弛
2025-01-28,王者荣耀充值
2025-01-28,封神片尾曲唱出中国人心中的家园
2025-01-28,今年值班还是我
2025-01-28,英伟达股价暴跌后迅速发声
2025-01-28,留几手回应麦琳是否签约无忧传媒
2025-01-28,前DeepSeek天才少女从农村走向TOP开发者
2025-01-28,胡歌到底有几个身份
2025-01-28,王楚钦T中文版
2025-01-28,DeepSeek预测周鸿祎可能会送SU7
2025-01-28,昀牵孟绕
2025-01-28,周深人民日报撰文
2025-01-28,电影熊出没重启未来
2025-01-28,韩国棋院称将尽快制定统一规则
2025-01-28,DeepSeek是啥
2025-01-28,特朗普称DeepSeek给美企敲响警钟
2025-01-29,导演组回应沈腾马丽小品没演完
2025-01-29,春晚总导演回应邓超缺席
2025-01-29,文化中国行共庆首个非遗春节
2025-01-29,春节档票房
2025-01-29,陈哲远一天涨粉350万
2025-01-29,大年初一起床时间
2025-01-29,沈腾凭什么演马丽女婿
2025-01-29,金晨你怎么可以捅这么大的篓子
2025-01-29,哪吒
2025-01-29,正月初一过年好
2025-01-29,藕饼
2025-01-29,张雨绮男友晒合照官宣恋情
2025-01-29,Angelababy发和儿子合照
2025-01-29,DeepSeek遭美国IP网攻暴力破解
2025-01-29,沈马 背德cp感
2025-01-29,射雕
2025-01-29,唐探
2025-01-29,射雕路演
2025-01-29,机器人跳完舞被搀扶有序下台
2025-01-29,韩国起火客机原定飞往中国香港
2025-01-29,春晚收视率
2025-01-29,王菲发际线腮红
2025-01-29,央视春晚四大美女
2025-01-29,封神
2025-01-29,马龙新春惊喜拍立得
2025-01-29,美军f35坠毁现场升腾起蘑菇云
2025-01-30,大年初一票房排名
2025-01-30,美国一架客机坠河
2025-01-30,北京台春晚蛇么都好
2025-01-30,王者荣耀联动国色芳华
2025-01-30,单身的埃文凯尔羡慕中国女婿
2025-01-30,日本乒坛名将赌博被捕
2025-01-30,李子柒春晚战袍人工吊染6小时
2025-01-30,哪吒排片
2025-01-30,韩国客机烧出一个洞可能因充电宝
2025-01-30,美一客机与直升机相撞坠河
2025-01-30,中国AI取名字都甩美国几条街
2025-01-30,张艺兴说和肖战很投缘
2025-01-30,易烊千玺为啥说不做男主角了
2025-01-30,哪吒敖丙cp
2025-01-30,美国首都里根国家机场暂时关闭
2025-01-30,吴磊在春晚后台炫饺子
2025-01-30,美国被撞飞机有60名左右乘客
2025-01-30,杭州雷峰塔真的有压了千年的小白
2025-01-30,是不是全国女婿到丈母娘家都这样
2025-01-30,王楚钦祝大家日进斗金
2025-01-30,张新成演技
2025-01-30,赵露思换了想了十年的发色
2025-01-30,今年春节含金量最高的小品
2025-01-30,封神第二部让我学会延迟满足
2025-01-30,黄圣依孙茜在小品里互呛
2025-01-30,马思纯接春晚邀约经纪人差点喜极而泣
2025-01-30,台湾嘉义县5.2级地震
2025-01-30,沈腾马丽十二年形成闭环
2025-01-30,胡歌新片幕后花絮
2025-01-30,特朗普称准备了3万床位拘留非法移民
2025-01-30,赵露思长文谈抑郁症
2025-01-30,侯明昊边吸氧边跳舞
2025-01-30,哪吒
2025-01-30,韩网评价陈哲远发红包
2025-01-30,沈腾回后台一看全是自己带出的兵
2025-01-30,一家一户一秦彻
2025-01-30,女生捡到奶茶袋一看有10万现金
2025-01-30,当中国汉堡遇上吃不完的年夜饭
2025-01-30,大年初二回门日
2025-01-30,大年初二回家是喜团聚是福
2025-01-30,薛之谦不小心露出了活泼的马脚
2025-01-30,小婉管乐演的白蛇青蛇
2025-01-30,迪丽热巴工作室换了头像背景
2025-01-30,美坠河客机上有64人
2025-01-30,特朗普给马斯克下了个命令
2025-01-30,WTT
2025-01-30,DeepSeek预测春节档票房冠军是哪吒
2025-01-30,春节档票价过高引吐槽
2025-01-30,白宫称美国AI领先中国3到6个月
2025-01-30,杭州灵隐寺人山人海
2025-01-31,哪吒2票房
2025-01-31,睡懒觉
2025-01-31,一条视频看懂正月初三年俗
2025-01-31,白鹿终于加到了宋佳微信 
2025-01-31,扎克伯格称仍在消化DeepSeek的成果
2025-01-31,金价
2025-01-31,敖丙他爸出场哇声一片 
2025-01-31,正月初三扫一扫
2025-01-31,美撞机事故前一飞机曾因直升机绕道
2025-01-31,非遗版春节年味壁纸
2025-01-31,美国24年来最严重空难
2025-01-31,哪吒2隐喻
2025-01-31,徐志胜在哪都好认除了家里
2025-01-31,原来哪吒上台也会紧张到手抖
2025-01-31,哪吒2特效镜头超哪吒1全片镜头数量
2025-03-22 12:14:31.475902,饿瘦和运动瘦的区别
2025-03-22 12:14:31.475902,三次开颅网红吴忠华耳朵内又长东西
2025-03-22 12:14:31.475902,神十九乘组圆满完成第3次出舱
2025-03-22 12:14:31.475902,著名演员高英逝世
2025-03-22 12:14:31.475902,热热热你冷冷冷
2025-03-22 12:14:31.475902,楼下住户报警30多次逼走楼上3任租客
2025-03-22 12:14:31.475902,王源去了汪苏泷演唱会
2025-03-22 12:14:31.475902,虞书欣95花第一部全集有广现偶
2025-03-22 12:14:31.475902,中国空间站将迎皮肤可再生的涡虫
2025-03-22 12:14:31.475902,下周可能更热
2025-03-22 12:14:31.475902,榜一大哥带3500页聊天记录报案
2025-03-22 12:14:31.475902,戚薇李承铉把妻子当换装游戏
2025-03-22 12:14:31.475902,虞书欣黑天鹅高定
2025-03-22 12:14:31.475902,TVB前港姐乳腺癌复发病情告急
2025-03-22 12:14:31.475902,翔霖
2025-03-22 12:14:31.475902,newjeans韩网口碑
2025-03-22 12:14:31.475902,北京海淀高温全国第2
2025-03-22 12:14:31.475902,普京称曾在特朗普遇刺后去教堂祈祷
2025-03-22 12:14:31.475902,周冠宇视角的人山人海
2025-03-22 12:14:31.475902,2025汉马和樱花季更配
2025-03-22 12:14:31.475902,中日韩三国外长达成共识
2025-03-22 12:14:31.475902,汪苏泷向李荣浩道歉
2025-03-22 12:14:31.475902,我和吴宣仪复婚了
2025-03-22 12:14:31.475902,浪姐总监说没想到李嘉琦能唱这么猛
2025-03-22 12:14:31.475902,全红婵对布拉肠情有独钟
2025-03-22 12:14:31.475902,马龙王楚钦vs杨硕袁励岑
2025-03-22 12:14:31.475902,澳门偶遇Angelababy打高尔夫
2025-03-22 12:14:31.475902,卡琳娜公主抱吴宣仪玩摇摇车
2025-03-22 12:14:31.475902,哪吒
2025-03-22 12:14:31.475902,马龙王楚钦光速拿下第一盘
2025-03-22 12:14:31.475902,当章若楠遇上欧若风
2025-03-22 12:14:31.475902,妈妈称瑶一瑶在学校交了新朋友
2025-03-22 12:14:31.475902,为什么这么多人排斥洗衣池
2025-03-22 12:14:31.475902,锦瑟女校
2025-03-22 12:14:31.475902,张柏芝千层蛋糕裙
2025-03-22 12:14:31.475902,熬夜千万不要长时间补觉
2025-03-22 12:14:31.475902,嘘国王在冬眠22集好哭
2025-03-22 12:14:31.475902,又一种生命体将来到中国空间站
2025-03-22 12:14:31.475902,土耳其将向美国出口4.2亿枚鸡蛋
2025-03-22 12:14:31.475902,中国电影博物馆见证光与影
2025-03-22 12:14:31.475902,金饰价格跌到916元
2025-03-22 12:14:31.475902,日本大阪两个月连发两起碎尸案
2025-03-22 12:14:31.475902,华晨宇金发背头
2025-03-22 12:14:31.475902,不好看但健康的女生特征
2025-03-22 12:14:31.475902,雁回时
2025-03-22 12:14:31.475902,小学二年级男孩写字堪比打印机
2025-03-22 12:14:31.475902,高杨模仿樊振东庆祝动作
2025-03-22 12:14:31.475902,hanni澄清
2025-03-22 12:14:31.475902,洪涛去了华晨宇演唱会
2025-03-22 12:14:31.475902,胡兵中国国际时装周走秀
2025-03-23 12:15:11.221174,法拉利撞了法拉利
2025-03-23 12:15:11.221174,人人人人人景人人人人人
2025-03-23 12:15:11.221174,6分钟回顾神十九第3次出舱
2025-03-23 12:15:11.221174,汪苏泷演唱会偶遇章若楠
2025-03-23 12:15:11.221174,撞脸热巴的美女导游自称一般水平
2025-03-23 12:15:11.221174,B站曾经顶流UP主现在欠账几百万
2025-03-23 12:15:11.221174,温峥嵘我向您道歉
2025-03-23 12:15:11.221174,合肥通报三只羊问题调查处置情况
2025-03-23 12:15:11.221174,吴艳妮打破女子60米栏全国纪录
2025-03-23 12:15:11.221174,雁回时
2025-03-23 12:15:11.221174,金赛纶妈妈被曝站都站不稳
2025-03-23 12:15:11.221174,张馨予晚餐吃胡萝卜蘸辣椒面
2025-03-23 12:15:11.221174,DeepSeek王炸组合
2025-03-23 12:15:11.221174,女子在埃及被误会吃霸王餐硬气反击
2025-03-23 12:15:11.221174,F1中国站三人取消成绩
2025-03-23 12:15:11.221174,谢瑜女朋友发的樊振东
2025-03-23 12:15:11.221174,杨幂妈妈庆生照
2025-03-23 12:15:11.221174,收到月薪60万offer但要偷渡出境
2025-03-23 12:15:11.221174,奔跑吧终于等来周传雄
2025-03-23 12:15:11.221174,李治廷F1合照好多人啊
2025-03-23 12:15:11.221174,孙卓开始直播带货
2025-03-23 12:15:11.221174,韩国山火已烧4600个足球场面积
2025-03-23 12:15:11.221174,大祥哥 欠债
2025-03-23 12:15:11.221174,尚公主
2025-03-23 12:15:11.221174,茉莉奶白被曝喝出完整塑料袋
2025-03-23 12:15:11.221174,虞书欣安慰粉丝别哭别哭
2025-03-23 12:15:11.221174,劝阻吸烟被怼当事人发声
2025-03-23 12:15:11.221174,等我上清华我也这么上早八
2025-03-23 12:15:11.221174,慕胥辞
2025-03-23 12:15:11.221174,网传李昀锐张艺凡合作耀眼
2025-03-23 12:15:11.221174,奔跑吧13第一期嘉宾阵容
2025-03-23 12:15:11.221174,从陵水漂流到三亚小孩哥父亲发声
2025-03-23 12:15:11.221174,稚楚
2025-03-23 12:15:11.221174,控糖一年后身体的变化
2025-03-23 12:15:11.221174,徐良毛不易去了汪苏泷演唱会
2025-03-23 12:15:11.221174,猫咪做绝育手术被摘除脾脏
2025-03-23 12:15:11.221174,全国大部降温8至12摄氏度
2025-03-23 12:15:11.221174,特鲁索娃正式官宣怀孕
2025-03-23 12:15:11.221174,仙逆
2025-03-23 12:15:11.221174,金泰亨减了10kg
2025-03-23 12:15:11.221174,人均两万五去8个国家玩了24天
2025-03-23 12:15:11.221174,世界上最佳抗炎食物排名
2025-03-23 12:15:11.221174,deepseek
2025-03-23 12:15:11.221174,三只羊回应何时复播
2025-03-23 12:15:11.221174,美貌成为她报复的手段
2025-03-23 12:15:11.221174,百万粉丝网红咱屯儿苗嫂小儿子去世
2025-03-23 12:15:11.221174,特朗普称考虑让美国加入英联邦
2025-03-23 12:15:11.221174,林孝埈中文越来越好
2025-03-23 12:15:11.221174,孙颖莎林诗栋休战最后一轮
2025-03-23 12:15:11.221174,U22国足绝杀韩国
2025-03-24 12:17:56.045460,四川叙永地震
2025-03-24 12:17:56.045460,茶百道发文致歉
2025-03-24 12:17:56.045460,春天是最懂氛围感的
2025-03-24 12:17:56.045460,母亲称世纪婴儿去世是医疗事故
2025-03-24 12:17:56.045460,念无双 定档
2025-03-24 12:17:56.045460,日本全面取消女警裙装制服
2025-03-24 12:17:56.045460,四川泸州4.9级地震
2025-03-24 12:17:56.045460,红双喜年会
2025-03-24 12:17:56.045460,郭麒麟正面回应德云社继承人
2025-03-24 12:17:56.045460,雁回时
2025-03-24 12:17:56.045460,母亲称从未曝光过世纪婴儿的身份
2025-03-24 12:17:56.045460,泉州交警回应小米SU7Ultra撞飞电动车
2025-03-24 12:17:56.045460,世纪婴儿发烧后硬挺了5天
2025-03-24 12:17:56.045460,周也一身睡衣上飞机
2025-03-24 12:17:56.045460,加油后逃单司机被行拘8日
2025-03-24 12:17:56.045460,韩安冉宋浩然秀恩爱
2025-03-24 12:17:56.045460,考公博主吴桐 塌房
2025-03-24 12:17:56.045460,2000年0时0分出生的世纪婴儿去世
2025-03-24 12:17:56.045460,男童被打死案母亲曾是幼师
2025-03-24 12:17:56.045460,惠英红 我怕全场大喊退票
2025-03-24 12:17:56.045460,王诗龄粉色小香风套装
2025-03-24 12:17:56.045460,张凌赫方否认私联
2025-03-24 12:17:56.045460,易烊千玺咋还写急眼了呢
2025-03-24 12:17:56.045460,古茗 樊振东
2025-03-24 12:17:56.045460,蔡徐坤苹果头
2025-03-24 12:17:56.045460,减肥效果最好的运动是跳绳
2025-03-24 12:17:56.045460,张韶涵再现皇甫珊
2025-03-24 12:17:56.045460,雁回时坠马初吻
2025-03-24 12:17:56.045460,将门毒后 刘晓庆陈宝国
2025-03-24 12:17:56.045460,珍爱网多地门店被曝闭店
2025-03-24 12:17:56.045460,石家庄偶遇鹿晗拍摄
2025-03-24 12:17:56.045460,国足18强赛
2025-03-24 12:17:56.045460,澳大利亚主帅说迎战国足会很艰难
2025-03-24 12:17:56.045460,中式恐怖才是真恐怖
2025-03-24 12:17:56.045460,林高远说刘诗雯站在这就是信心
2025-03-24 12:17:56.045460,孙颖莎希望新周期为国争光
2025-03-24 12:17:56.045460,周传雄感谢了周深和孟子义
2025-03-24 12:17:56.045460,关晓彤大屏
2025-03-24 12:17:56.045460,张晚意你确定不闯一下霸总赛道吗
2025-03-24 12:17:56.045460,雷军同雷军班同学拍大合照
2025-03-24 12:17:56.045460,苦寻妻子五年再见对方已成富婆
2025-03-24 12:17:56.045460,优时颜 马柏全张康乐
2025-03-24 12:17:56.045460,花海和今屿合拍
2025-03-24 12:17:56.045460,中方从未收到杜特尔特寻求庇护申请
2025-03-24 12:17:56.045460,重庆震感
2025-03-24 12:17:56.045460,我国低龄老年人9000万
2025-03-24 12:17:56.045460,国足预测
2025-03-24 12:17:56.045460,唐嫣看图说话
2025-03-24 12:17:56.045460,南京红山动物园遭遇邻里纠纷
2025-03-24 12:17:56.045460,看到猫了你满意了吧
2025-03-25 12:17:17.234809,国足vs澳大利亚
2025-03-25 12:17:17.234809,富士相纸
2025-03-25 12:17:17.234809,我国开辟油气勘探开发新领域
2025-03-25 12:17:17.234809,小岳岳装起来了
2025-03-25 12:17:17.234809,何建泽回应离婚
2025-03-25 12:17:17.234809,赵露思小小的勇气0片酬
2025-03-25 12:17:17.234809,博士生月薪1500元系印刷错误
2025-03-25 12:17:17.234809,郭麒麟有了新师傅
2025-03-25 12:17:17.234809,文在寅父女双双被检方调查
2025-03-25 12:17:17.234809,骗子用上不了大学威胁小孩转账
2025-03-25 12:17:17.234809,张玉宁拥抱王大雷
2025-03-25 12:17:17.234809,伊万抹眼角
2025-03-25 12:17:17.234809,韩安冉妈妈为亲家母发声
2025-03-25 12:17:17.234809,王大雷黄油手
2025-03-25 12:17:17.234809,国足半场两度失误送礼
2025-03-25 12:17:17.234809,范志毅看国足直叹气
2025-03-25 12:17:17.234809,33万手表被捡走失主花15万买回
2025-03-25 12:17:17.234809,退钱哥观战国足
2025-03-25 12:17:17.234809,杨紫簪中录台湾待播海报
2025-03-25 12:17:17.234809,高泰宇退圈
2025-03-25 12:17:17.234809,董方卓吐槽伊万
2025-03-25 12:17:17.234809,塞尔吉尼奥国足首秀
2025-03-25 12:17:17.234809,每天喝牛奶和从不喝牛奶的区别
2025-03-25 12:17:17.234809,跑男真把吴昕喊来了
2025-03-25 12:17:17.234809,马拉松一对男女亲密动作被拍到
2025-03-25 12:17:17.234809,陶昕然离婚
2025-03-25 12:17:17.234809,孙燕姿深圳抢票
2025-03-25 12:17:17.234809,男德向王鹤棣道歉
2025-03-25 12:17:17.234809,马拉松亲密事件拍摄者道歉
2025-03-25 12:17:17.234809,阚清子回应没去浪姐
2025-03-25 12:17:17.234809,雁回时
2025-03-25 12:17:17.234809,国博凤冠冰箱贴销量破1000000
2025-03-25 12:17:17.234809,上3休2再上4休3
2025-03-25 12:17:17.234809,陶昕然曾给老公打电话大哭
2025-03-25 12:17:17.234809,国足0比2落后
2025-03-25 12:17:17.234809,浪姐6黑马
2025-03-25 12:17:17.234809,国足落后澳大利亚
2025-03-25 12:17:17.234809,登陆少年应援色
2025-03-25 12:17:17.234809,赵雅芝72岁正是跑马拉松的年纪
2025-03-25 12:17:17.234809,前男友称金赛纶因纽约男友失去希望
2025-03-25 12:17:17.234809,三无考研生靠什么改写结局
2025-03-25 12:17:17.234809,黄政宇失误送礼
2025-03-25 12:17:17.234809,周深周传雄到底谁在开车
2025-03-25 12:17:17.234809,国足半场0比2澳大利亚
2025-03-25 12:17:17.234809,何健麒 我没有塌房
2025-03-25 12:17:17.234809,雁回时求加更
2025-03-25 12:17:17.234809,单后腰
2025-03-25 12:17:17.234809,白鹿小作文写了两篇
2025-03-25 12:17:17.234809,梁咏琪49岁状态
2025-03-25 12:17:17.234809,小区电梯失控从15楼滑坠至负一楼
2025-03-25 12:17:17.234809,小米YU7
2025-03-25 12:17:17.234809,领克900
2025-03-26 12:17:06.467864,傅云夕女儿 亲生
2025-03-26 12:17:06.467864,晒工资被开除山姆试吃员签保密协议
2025-03-26 12:17:06.467864,网络视听成全网民的数字空气
2025-03-26 12:17:06.467864,跟王楚钦一起遛风马路松
2025-03-26 12:17:06.467864,原来这些歌都是李晟唱的
2025-03-26 12:17:06.467864,免去周继红国家跳水队领队职务
2025-03-26 12:17:06.467864,芒果TV调整会员同时使用设备数
2025-03-26 12:17:06.467864,春趣鲜货集市
2025-03-26 12:17:06.467864,被碾压致死5岁女童家属出具谅解书
2025-03-26 12:17:06.467864,昀牵孟绕
2025-03-26 12:17:06.467864,李晟回应断层第一
2025-03-26 12:17:06.467864,碾压5岁女童致死车主被取保候审
2025-03-26 12:17:06.467864,曾黎闲鱼
2025-03-26 12:17:06.467864,黄子佼承认持有7名少女非法影片
2025-03-26 12:17:06.467864,沙溢 美黑
2025-03-26 12:17:06.467864,刘诗诗红色羽毛高定
2025-03-26 12:17:06.467864,你觉得父母需要持证上岗吗
2025-03-26 12:17:06.467864,哪吒之魔童闹海票房破150亿
2025-03-26 12:17:06.467864,Rookie拿到中国绿卡
2025-03-26 12:17:06.467864,辛云来 瘦若两人
2025-03-26 12:17:06.467864,又贵又难吃的羽衣甘蓝被疯抢
2025-03-26 12:17:06.467864,跟着小米15Ultra打卡全国
2025-03-26 12:17:06.467864,雁回时男主娶过大姐
2025-03-26 12:17:06.467864,2025新剧扎堆
2025-03-26 12:17:06.467864,雁回时
2025-03-26 12:17:06.467864,曹颖倪虹洁都以为吴宣仪20岁
2025-03-26 12:17:06.467864,棋士
2025-03-26 12:17:06.467864,曾黎16秒祛痘教程
2025-03-26 12:17:06.467864,李娜退役10年人气依旧爆棚
2025-03-26 12:17:06.467864,长沙吸引人才不能影响教育公平
2025-03-26 12:17:06.467864,张艺兴Qeelin珠宝展
2025-03-26 12:17:06.467864,福州这些花花世界藏不住了
2025-03-26 12:17:06.467864,火锅店添加罂粟当秘方老板获刑
2025-03-26 12:17:06.467864,网购小狗遭拒收快递员无奈收养4只
2025-03-26 12:17:06.467864,号称3天减10斤减肥产品含利尿剂
2025-03-26 12:17:06.467864,祝绪丹神女执弓
2025-03-26 12:17:06.467864,很喜欢年轻人不扫兴的疯感
2025-03-26 12:17:06.467864,腾讯视频2025待播大剧片单
2025-03-26 12:17:06.467864,张新成到底换了多少套衣服捏粘土
2025-03-26 12:17:06.467864,狗迷日眼具象化了
2025-03-26 12:17:06.467864,樊振东现场观看MLB开幕战
2025-03-26 12:17:06.467864,鹭卓东北小烧烤整上了
2025-03-26 12:17:06.467864,汤家凤声明
2025-03-26 12:17:06.467864,32周双胎妈妈突然头晕劫后余生
2025-03-26 12:17:06.467864,女生低成本补气血的小tips
2025-03-26 12:17:06.467864,乘风2025
2025-03-26 12:17:06.467864,学校回应虐猫致死男生被行拘
2025-03-26 12:17:06.467864,神印王座
2025-03-26 12:17:06.467864,宇宙异常或暗示地球可怕未来
2025-03-26 12:17:06.467864,黄雀
2025-03-26 12:17:06.467864,WBG对战BLG
2025-03-26 12:17:06.467864,傅云夕人设
2025-03-27 12:17:32.367562,金价
2025-03-27 12:17:32.367562,念无双
2025-03-27 12:17:32.367562,一组数据看美丽中国颜值有多高
2025-03-27 12:17:32.367562,deepseek新视角
2025-03-27 12:17:32.367562,成都沙尘暴
2025-03-27 12:17:32.367562,国防部提醒日本
2025-03-27 12:17:32.367562,阮惜文下线
2025-03-27 12:17:32.367562,微博首个游戏动漫展要来了
2025-03-27 12:17:32.367562,嫁反派
2025-03-27 12:17:32.367562,羽衣甘蓝奶茶或热量超标
2025-03-27 12:17:32.367562,唐嫣 你的兵来了
2025-03-27 12:17:32.367562,你以为的毒贩vs你不知道的伪装
2025-03-27 12:17:32.367562,韩娱记曝金秀贤要金赛纶穿透视衣
2025-03-27 12:17:32.367562,谢霆锋的烤肠卖了15亿元
2025-03-27 12:17:32.367562,爸爸去世女儿被判和4个姑姑平分遗产
2025-03-27 12:17:32.367562,儿子给腰突父亲买40小时硬座票
2025-03-27 12:17:32.367562,肖战满头小夹子
2025-03-27 12:17:32.367562,IU权志龙再唱Palette
2025-03-27 12:17:32.367562,故意让内向的孩子抽到了空白签
2025-03-27 12:17:32.367562,酒店前台违规办房卡致女子被侵犯
2025-03-27 12:17:32.367562,国防部称日方最没有资格拿台湾说事
2025-03-27 12:17:32.367562,唐嫣台词
2025-03-27 12:17:32.367562,小婉管乐连睡觉都分不开
2025-03-27 12:17:32.367562,陈都灵 凤凰哀鸣
2025-03-27 12:17:32.367562,李晟为什么爆火出圈
2025-03-27 12:17:32.367562,于正谈爆剧又爆人
2025-03-27 12:17:32.367562,周四是工作效率最低的一天
2025-03-27 12:17:32.367562,国防部批驳七国集团
2025-03-27 12:17:32.367562,大鹅多处被烤熟仍不离开被烧死同伴
2025-03-27 12:17:32.367562,李嘉诚要卖43个港口给美国企业
2025-03-27 12:17:32.367562,山西午睡文化
2025-03-27 12:17:32.367562,泰媒报道迪丽热巴中国娱乐圈女王
2025-03-27 12:17:32.367562,女孩遭强奸案民警被控渎职不予立案
2025-03-27 12:17:32.367562,97年女生身高1.6米体重50斤
2025-03-27 12:17:32.367562,iG全神班五连胜
2025-03-27 12:17:32.367562,玫瑰 毛子
2025-03-27 12:17:32.367562,短剧阵容这么顶了吗
2025-03-27 12:17:32.367562,陈哲远给粉丝送发财树
2025-03-27 12:17:32.367562,日本环球影城偶遇吴磊
2025-03-27 12:17:32.367562,下岗女工干快递15年领数千退休金
2025-03-27 12:17:32.367562,谢娜纪念偶像来了十周年
2025-03-27 12:17:32.367562,日本大爷退休前中1亿日元大奖
2025-03-27 12:17:32.367562,念无双包场
2025-03-27 12:17:32.367562,孟子义李昀锐校园风造型
2025-03-27 12:17:32.367562,夏以昼生和死都不再分开
2025-03-27 12:17:32.367562,外交部回应长江和记集团出售海外港口
2025-03-27 12:17:32.367562,赵雅芝回应儿子是男版的自己
2025-03-27 12:17:32.367562,夏以昼终极兵器
2025-03-27 12:17:32.367562,祝绪丹被所有姐姐现场吃瓜
2025-03-27 12:17:32.367562,雷军回复雷军班发言有点紧张
2025-03-27 12:17:32.367562,金赛纶问金秀贤我这么让你讨厌吗
2025-03-27 12:17:32.367562,奔跑吧全员黄鹤楼开跑
2025-03-28 12:16:40.528153,缅甸7.9级地震
2025-03-28 12:16:40.528153,缅甸地震已超50人死亡
2025-03-28 12:16:40.528153,中国新一代人造太阳又有突破
2025-03-28 12:16:40.528153,华为FreeBuds6水滴耳机开售
2025-03-28 12:16:40.528153,乘客呼吸困难说出碱字地铁员工秒懂
2025-03-28 12:16:40.528153,泰国首都曼谷进入紧急状态
2025-03-28 12:16:40.528153,罗志祥妈妈患阿尔兹海默症
2025-03-28 12:16:40.528153,官方辟谣副县长直播助农带货
2025-03-28 12:16:40.528153,虞书欣方发文报平安
2025-03-28 12:16:40.528153,刘诗诗选竹笛是因为好看
2025-03-28 12:16:40.528153,门童曼谷场取消
2025-03-28 12:16:40.528153,直击缅甸地震
2025-03-28 12:16:40.528153,古驰竹节手袋展
2025-03-28 12:16:40.528153,雪莉拍完real去了精神科
2025-03-28 12:16:40.528153,金秀贤疑似强行加床戏
2025-03-28 12:16:40.528153,湖南文理学院副教授出轨女学生
2025-03-28 12:16:40.528153,长和暂缓卖港口计划
2025-03-28 12:16:40.528153,雁回时
2025-03-28 12:16:40.528153,登顶
2025-03-28 12:16:40.528153,电影猎狐行动定档
2025-03-28 12:16:40.528153,古驰竹节包
2025-03-28 12:16:40.528153,瑞丽一翡翠市场暂时闭市
2025-03-28 12:16:40.528153,甲亢哥 少林寺
2025-03-28 12:16:40.528153,降低住院预交金额度
2025-03-28 12:16:40.528153,允儿被臭到
2025-03-28 12:16:40.528153,王一博赛车冲出赛道
2025-03-28 12:16:40.528153,缅甸地震云南建筑晃动扬起巨大灰尘
2025-03-28 12:16:40.528153,男子爱车被开罚单意外发现妻子出轨
2025-03-28 12:16:40.528153,宋威龙顶级男模
2025-03-28 12:16:40.528153,云南震感
2025-03-28 12:16:40.528153,国家市监总局将依法对长和港口交易进行审查
2025-03-28 12:16:40.528153,缅甸曼德勒大学地震后起火
2025-03-28 12:16:40.528153,缅甸华人称有几十栋酒店倒塌
2025-03-28 12:16:40.528153,陈德容王蓉吵起来了
2025-03-28 12:16:40.528153,董力阿诺把接吻当惩罚
2025-03-28 12:16:40.528153,山姆必买
2025-03-28 12:16:40.528153,工作室回应王一博平安
2025-03-28 12:16:40.528153,雁回时剧情走向
2025-03-28 12:16:40.528153,德国一游客在泰国遭摩的司机围殴
2025-03-28 12:16:40.528153,复活王蓉
2025-03-28 12:16:40.528153,是中国人来救了我们
2025-03-28 12:16:40.528153,英国将安装第一台人脸识别摄像头
2025-03-28 12:16:40.528153,real
2025-03-28 12:16:40.528153,大熊猫优优去世
2025-03-28 12:16:40.528153,赵露思聊生病打乱人生计划
2025-03-28 12:16:40.528153,靖才绝雁
2025-03-28 12:16:40.528153,野人
2025-03-28 12:16:40.528153,音乐节阵容这么顶了吗
2025-03-28 12:16:40.528153,缅甸7.9级地震曼德勒老建筑几乎全塌
2025-03-28 12:16:40.528153,自3月31日起全面停止收取门诊预交金
2025-03-28 12:16:40.528153,雪莉遗属要求金秀贤回应
2025-03-28 12:16:40.528153,缅甸地震超50人死亡300人受伤
2025-03-29 12:14:46.732449,王一博亚军
2025-03-29 12:14:46.732449,世界上最大的宫殿在地震中坍塌
2025-03-29 12:14:46.732449,当AI遇上广西三月三
2025-03-29 12:14:46.732449,云南曲靖4.4级地震
2025-03-29 12:14:46.732449,彭昱畅怎么帅成这样了
2025-03-29 12:14:46.732449,三年赚70万网约车司机发声
2025-03-29 12:14:46.732449,3招撕开AI谣言的画皮
2025-03-29 12:14:46.732449,王珞丹把李晟往前推
2025-03-29 12:14:46.732449,权志龙演唱会
2025-03-29 12:14:46.732449,韩国扑救山火消防员的盒饭
2025-03-29 12:14:46.732449,中国政府决定向缅甸提供1亿元
2025-03-29 12:14:46.732449,戚薇二胎产子画面
2025-03-29 12:14:46.732449,李国祥去世
2025-03-29 12:14:46.732449,缅甸地震致1002死2376伤
2025-03-29 12:14:46.732449,中国救援队抵达缅甸
2025-03-29 12:14:46.732449,华侨称缅甸曼德勒最高温近40度
2025-03-29 12:14:46.732449,事业编 开除小王
2025-03-29 12:14:46.732449,曼谷中国超市免费提供矿泉水等物资
2025-03-29 12:14:46.732449,何泓姗澄清
2025-03-29 12:14:46.732449,终于有剧能躲开迎面而来的巴掌了
2025-03-29 12:14:46.732449,华人在震区的12小时
2025-03-29 12:14:46.732449,bnd粉丝去世
2025-03-29 12:14:46.732449,雁回时好像疯走了
2025-03-29 12:14:46.732449,武汉一幼儿园上课70%时间在巡山
2025-03-29 12:14:46.732449,张翰时隔三年再发微博
2025-03-29 12:14:46.732449,肥胖是200多种疾病的危险信号
2025-03-29 12:14:46.732449,芒果剪掉赵露思争议片段
2025-03-29 12:14:46.732449,雁回时
2025-03-29 12:14:46.732449,叶童三公 跳楼机
2025-03-29 12:14:46.732449,缅甸地震云南多地受影响
2025-03-29 12:14:46.732449,河南队vs上海申花
2025-03-29 12:14:46.732449,胖东来店长平均月薪78058元
2025-03-29 12:14:46.732449,K总第二场婚礼
2025-03-29 12:14:46.732449,刘亦菲惊喜四个男主发来贺电
2025-03-29 12:14:46.732449,胖东来要投资70亿开梦之城
2025-03-29 12:14:46.732449,翔霖
2025-03-29 12:14:46.732449,我周震南来这就是为了第一名
2025-03-29 12:14:46.732449,去看权志龙演唱会的明星
2025-03-29 12:14:46.732449,赵丽颖造城者杀青了
2025-03-29 12:14:46.732449,乐事薯片被曝含致癌添加剂
2025-03-29 12:14:46.732449,红旗新代言人难道是她
2025-03-29 12:14:46.732449,高层住宅为什么不好卖了
2025-03-29 12:14:46.732449,彭小苒房琪起争执
2025-03-29 12:14:46.732449,王星说纪凌尘值得
2025-03-29 12:14:46.732449,缅甸政府向国际求援
2025-03-29 12:14:46.732449,面筋哥去世
2025-03-29 12:14:46.732449,她甚至动了我都还以为是洋娃娃
2025-03-29 12:14:46.732449,北京国安vs成都蓉城首发
2025-03-29 12:14:46.732449,梅州客家vs山东泰山
2025-03-29 12:14:46.732449,雁回时邓婵替母成婚
2025-03-29 12:14:46.732449,刘畊宏节目录到一半去跳操
2025-03-30 12:15:28.682949,央视入股爱奇艺
2025-03-30 12:15:28.682949,淮水竹亭
2025-03-30 12:15:28.682949,2025中国网络媒体论坛
2025-03-30 12:15:28.682949,大使馆回应多名中国人护照被埋
2025-03-30 12:15:28.682949,陈都灵 金枝
2025-03-30 12:15:28.682949,日本第11轮核污染水排海结束
2025-03-30 12:15:28.682949,苦尽柑来遇见你 张家界
2025-03-30 12:15:28.682949,美的已清仓小米股票
2025-03-30 12:15:28.682949,缅甸地震已致1700人死亡
2025-03-30 12:15:28.682949,米卡送了欧阳娜娜黑皮kitty
2025-03-30 12:15:28.682949,黄轩晒与女友牵手照
2025-03-30 12:15:28.682949,双胞胎当了1年朋友才发现是亲姐妹
2025-03-30 12:15:28.682949,偶遇俞灏明王晓晨穿着情侣装吃饭
2025-03-30 12:15:28.682949,迪丽热巴网宣组发文
2025-03-30 12:15:28.682949,选手吐槽武当山越野赛发临期食品
2025-03-30 12:15:28.682949,辣目洋子辣眼版还珠格格
2025-03-30 12:15:28.682949,偶遇李现买汉堡
2025-03-30 12:15:28.682949,4月天象大戏预告
2025-03-30 12:15:28.682949,新秀歌词
2025-03-30 12:15:28.682949,业主请小区施工方凿地板楼下开裂
2025-03-30 12:15:28.682949,多个互联网大厂明天发年终奖
2025-03-30 12:15:28.682949,棋士第8集封神
2025-03-30 12:15:28.682949,缅甸多名华人护照被埋无法自由行动
2025-03-30 12:15:28.682949,王智 百亿影帝严选
2025-03-30 12:15:28.682949,缅甸华人希望获得中国救援队帮助
2025-03-30 12:15:28.682949,邓萃雯没有功劳也有苦劳
2025-03-30 12:15:28.682949,创造营亚洲
2025-03-30 12:15:28.682949,儿子被父亲送进精神病院17年
2025-03-30 12:15:28.682949,谁说CP不火剧就爆不了
2025-03-30 12:15:28.682949,乌克兰计划组建太空部队
2025-03-30 12:15:28.682949,吃上了浪姐的第一口好饭
2025-03-30 12:15:28.682949,乙肝治疗将进入功能性治愈时代
2025-03-30 12:15:28.682949,首款无激素男性避孕药或将问世
2025-03-30 12:15:28.682949,权志龙演唱会
2025-03-30 12:15:28.682949,雁回时
2025-03-30 12:15:28.682949,iPhone截图的隐藏功能
2025-03-30 12:15:28.682949,杭州大伯被蛇咬用嘴吸毒液紧急入院
2025-03-30 12:15:28.682949,仙逆
2025-03-30 12:15:28.682949,周震南正式确诊为啧震南
2025-03-30 12:15:28.682949,日本最可爱地铁站
2025-03-30 12:15:28.682949,傅云夕完全变成庄寒雁的狗了
2025-03-30 12:15:28.682949,Gumayusi说Tian太菜了
2025-03-30 12:15:28.682949,林钟勋申裕斌混双夺冠
2025-03-30 12:15:28.682949,全红婵跳水世界杯只报一项
2025-03-30 12:15:28.682949,田曦薇接
2025-03-30 12:15:28.682949,张小婉送给管乐的礼物是来时路照片
2025-03-30 12:15:28.682949,韩安冉回应与婆婆矛盾
2025-03-30 12:15:28.682949,缅甸幸存者握母亲冰冷的手含泪告别
2025-03-30 12:15:28.682949,宋亚轩发博庆单曲破纪录
2025-03-30 12:15:28.682949,012642一家三口一个警号
2025-03-31 12:17:43.131622,河南一枯井发现近百名烈士遗骸
2025-03-31 12:17:43.131622,10元盒饭姐喊话浪费顾客一辈子别来
2025-03-31 12:17:43.131622,2025中国网络媒体论坛
2025-03-31 12:17:43.131622,北京超出片赏花小镇
2025-03-31 12:17:43.131622,乌尔善发文
2025-03-31 12:17:43.131622,缅甸地震已致2056人死亡
2025-03-31 12:17:43.131622,苹果演唱会模式
2025-03-31 12:17:43.131622,甲亢哥成都行直播
2025-03-31 12:17:43.131622,好房子的新标准来了
2025-03-31 12:17:43.131622,疑似沈月亚洲最美面孔脱敏训练
2025-03-31 12:17:43.131622,国家标准住宅项目规范发布
2025-03-31 12:17:43.131622,金秀贤和未成年金赛纶约会视频
2025-03-31 12:17:43.131622,白敬亭 宋轶
2025-03-31 12:17:43.131622,男子肝癌晚期只打一针获新生
2025-03-31 12:17:43.131622,韩国庄仕洋
2025-03-31 12:17:43.131622,入室抢婴案奶奶因自责12年独自过春节
2025-03-31 12:17:43.131622,金秀贤公开录音证据
2025-03-31 12:17:43.131622,甲亢哥被喷火表演吓到尖叫
2025-03-31 12:17:43.131622,日本特大地震若发生或致近30万人死亡
2025-03-31 12:17:43.131622,赤脚鬼
2025-03-31 12:17:43.131622,公孙离FMVP皮肤
2025-03-31 12:17:43.131622,李现又去公园打鸟了
2025-03-31 12:17:43.131622,慎买带有QS标志产品
2025-03-31 12:17:43.131622,时代少年团直播
2025-03-31 12:17:43.131622,王者荣耀
2025-03-31 12:17:43.131622,一诺雨中撑伞图
2025-03-31 12:17:43.131622,50万竟然买了4辆宝马
2025-03-31 12:17:43.131622,专家称缅甸震区首先需预防肠道传染病
2025-03-31 12:17:43.131622,张檬称月子要坐满100天
2025-03-31 12:17:43.131622,房琪 彭小苒
2025-03-31 12:17:43.131622,清明档预售前三名
2025-03-31 12:17:43.131622,提高墙体楼板隔声性能
2025-03-31 12:17:43.131622,by2十六年后再穿出道战衣
2025-03-31 12:17:43.131622,黄子韬徐艺洋睡觉前要对暗号
2025-03-31 12:17:43.131622,找工作不要限制于招聘app
2025-03-31 12:17:43.131622,张杰发博庆祝破纪录
2025-03-31 12:17:43.131622,周雨彤去冰岛了
2025-03-31 12:17:43.131622,雁回时你要我哭死吗
2025-03-31 12:17:43.131622,头像玄学
2025-03-31 12:17:43.131622,BLACKPINK未公开的物料
2025-03-31 12:17:43.131622,申请过国家助学贷款的同学注意了
2025-03-31 12:17:43.131622,张凌赫设计的竹节包什么样
2025-03-31 12:17:43.131622,横店变竖店了
2025-03-31 12:17:43.131622,张若昀唐艺昕在朋友聚会认识
2025-03-31 12:17:43.131622,bjd娃娃
2025-03-31 12:17:43.131622,少吃水果少生很多病不具有普遍性
2025-03-31 12:17:43.131622,雁回时
2025-03-31 12:17:43.131622,IU说雪莉是最漂亮的人
2025-03-31 12:17:43.131622,缅甸地震仍有270人失踪
2025-03-31 12:17:43.131622,雁回时反转
2025-03-31 12:17:43.131622,挂面是面食界的苹果
